<?xml version="1.0" encoding="UTF-8"?>
<project-private xmlns="http://www.netbeans.org/ns/project-private/1">
    <editor-bookmarks xmlns="http://www.netbeans.org/ns/editor-bookmarks/2" lastBookmarkId="1">
        <file>
            <url>web/hairremove.jsp</url>
            <bookmark id="1">
                <name/>
                <line>114</line>
                <key/>
            </bookmark>
        </file>
    </editor-bookmarks>
    <open-files xmlns="http://www.netbeans.org/ns/projectui-open-files/2">
        <group>
            <file>file:/C:/Users/fifth/Desktop/IFPWAFCAD/web/update.jsp</file>
            <file>file:/C:/Users/fifth/Desktop/IFPWAFCAD/web/appointments.jsp</file>
            <file>file:/C:/Users/fifth/Desktop/IFPWAFCAD/web/nailsremove.jsp</file>
            <file>file:/C:/Users/fifth/Desktop/IFPWAFCAD/web/forms.jsp</file>
            <file>file:/C:/Users/fifth/Desktop/IFPWAFCAD/web/transactions.jsp</file>
            <file>file:/C:/Users/fifth/Desktop/IFPWAFCAD/web/accept.jsp</file>
            <file>file:/C:/Users/fifth/Desktop/IFPWAFCAD/web/decline.jsp</file>
            <file>file:/C:/Users/fifth/Desktop/IFPWAFCAD/web/index.jsp</file>
            <file>file:/C:/Users/fifth/Desktop/IFPWAFCAD/web/inbox.jsp</file>
            <file>file:/C:/Users/fifth/Desktop/IFPWAFCAD/web/face.jsp</file>
            <file>file:/C:/Users/fifth/Desktop/IFPWAFCAD/web/validation.jsp</file>
            <file>file:/C:/Users/fifth/Desktop/IFPWAFCAD/web/hair.jsp</file>
            <file>file:/C:/Users/fifth/Desktop/IFPWAFCAD/web/removeservices.jsp</file>
            <file>file:/C:/Users/fifth/Desktop/IFPWAFCAD/web/nails.jsp</file>
            <file>file:/C:/Users/fifth/Desktop/IFPWAFCAD/web/hairremove.jsp</file>
        </group>
    </open-files>
</project-private>
